{"cameraMode":{"drawMode":0,"name":"Shaded","section":"Shading Mode"},"sceneLighting":true,"audioPlay":false,"sceneViewState":{"showFog":true,"showMaterialUpdate":false,"showSkybox":true,"showFlares":true,"showImageEffects":true,"showParticleSystems":true},"in2DMode":false,"pivot":{"x":-0.1999959945678711,"y":-0.42331576347351076,"z":0.3558158874511719},"rotation":{"x":-0.09491357952356339,"y":0.8296570181846619,"z":-0.14866745471954347,"w":-0.5296787023544312},"size":8.134267807006836,"orthographic":false}